﻿Spotify URI,Track Name,Artist Name,Album Name,Disc Number,Track Number,Track Duration (ms),Added By,Added At
"spotify:track:3e9HZxeyfWwjeyPAMmWSSQ","thank u, next","Ariana Grande","thank u, next","1","11","207320","spotify:user:12153926993","2019-04-26T22:56:23Z"
"spotify:track:5p7ujcrUXASCNwRaWNHR1C","Without Me","Halsey","Without Me","1","1","201660","spotify:user:12153926993","2019-04-26T22:57:00Z"
"spotify:track:2xLMifQCjDGFmkHkpNLD9h","SICKO MODE","Travis Scott","ASTROWORLD","1","3","312820","spotify:user:12153926993","2019-04-26T22:57:10Z"
"spotify:track:3KkXRkHbMCARz0aVfEt68P","Sunflower - Spider-Man: Into the Spider-Verse","Post Malone, Swae Lee","Spider-Man: Into the Spider-Verse (Soundtrack From & Inspired by the Motion Picture)","1","2","158040","spotify:user:12153926993","2019-04-26T22:57:22Z"
"spotify:track:1rqqCSm0Qe4I9rUvWncaom","High Hopes","Panic! At The Disco","Pray For The Wicked","1","4","190946","spotify:user:12153926993","2019-04-26T22:57:31Z"
"spotify:track:2dpaYNEQHiRxtZbfNsse99","Happier","Marshmello, Bastille","Happier","1","1","214289","spotify:user:12153926993","2019-04-26T22:57:41Z"
"spotify:track:78QR3Wp35dqAhFEc2qAGjE","Drip Too Hard (Lil Baby & Gunna)","Lil Baby, Gunna","Drip Harder","1","12","145542","spotify:user:12153926993","2019-04-26T22:57:59Z"
"spotify:track:6OEHjJJvdkk1Ln0p0AZdyz","Girls Like You","Maroon 5","Red Pill Blues (Deluxe)","1","9","215229","spotify:user:12153926993","2019-04-26T22:58:14Z"
"spotify:track:0FZ4Dmg8jJJAPJnvBIzD9z","ZEZE (feat. Travis Scott & Offset)","Kodak Black, Offset, Travis Scott","Dying To Live","1","5","228759","spotify:user:12153926993","2019-04-26T22:58:44Z"
"spotify:track:1xzBco0xcoJEDXktl7Jxrr","Mo Bamba","Sheck Wes","MUDBOY","1","9","183906","spotify:user:12153926993","2019-04-26T22:58:52Z"
"spotify:track:0QIjsbm2fh1cJ45XO9eGqq","Wake Up in the Sky","Gucci Mane, Bruno Mars, Kodak Black","Wake Up in the Sky","1","1","204664","spotify:user:12153926993","2019-04-26T22:59:00Z"
"spotify:track:2GGMabyHXnJmjY6CXhhB2e","Money","Cardi B","Money","1","1","183527","spotify:user:12153926993","2019-04-26T22:59:19Z"
"spotify:track:0d2iYfpKoM0QCKvcLCkBao","Eastside (with Halsey & Khalid)","benny blanco, Halsey, Khalid","Eastside (with Halsey & Khalid)","1","1","173799","spotify:user:12153926993","2019-04-26T22:59:30Z"
"spotify:track:4OafepJy2teCjYJbvFE60J","breathin","Ariana Grande","Sweetener","1","9","198160","spotify:user:12153926993","2019-04-26T22:59:39Z"
"spotify:track:7dt6x5M1jzdTEt8oCbisTK","Better Now","Post Malone","beerbongs & bentleys","1","9","231266","spotify:user:12153926993","2019-04-26T22:59:47Z"
"spotify:track:2iUXsYOEPhVqEBwsqP70rE","Youngblood","5 Seconds of Summer","Youngblood (Deluxe)","1","1","203417","spotify:user:12153926993","2019-04-26T22:59:55Z"
"spotify:track:285pBltuF7vW8TeWk8hdRR","Lucid Dreams","Juice WRLD","Goodbye & Good Riddance","1","3","239835","spotify:user:12153926993","2019-04-26T23:00:05Z"
"spotify:track:4w8niZpiMy6qz1mntFA5uM","Taki Taki (with Selena Gomez, Ozuna & Cardi B)","DJ Snake, Selena Gomez, Ozuna, Cardi B","Taki Taki (with Selena Gomez, Ozuna & Cardi B)","1","1","212500","spotify:user:12153926993","2019-04-26T23:00:16Z"
"spotify:track:116H0KvKr2Zl4RPuVBruDO","MIA (feat. Drake)","Bad Bunny, Drake","MIA (feat. Drake)","1","1","210367","spotify:user:12153926993","2019-04-26T23:00:22Z"
"spotify:track:14mHfNsSHN0FbLftyjrV9g","Leave Me Alone","Flipp Dinero","Leave Me Alone","1","1","195637","spotify:user:12153926993","2019-04-26T23:00:31Z"
"spotify:track:2IRZnDFmlqMuOrYOLnZZyc","Going Bad (feat. Drake)","Meek Mill, Drake","Championships","1","9","180522","spotify:user:12153926993","2019-04-26T23:00:40Z"
"spotify:track:2t8yVaLvJ0RenpXUIAC52d","a lot","21 Savage","i am > i was","1","1","288624","spotify:user:12153926993","2019-04-26T23:00:48Z"
"spotify:track:6CTWathupIiDs7U4InHnDA","Trip","Ella Mai","Ella Mai","1","13","213993","spotify:user:12153926993","2019-04-26T23:01:00Z"
"spotify:track:7q7jyVU0f0hnod8tsaUmxg","Speechless","Dan + Shay","Speechless","1","1","212745","spotify:user:12153926993","2019-04-26T23:01:13Z"
"spotify:track:2FY7b99s15jUprqC0M5NCT","Natural","Imagine Dragons","Origins (Deluxe)","1","1","189466","spotify:user:12153926993","2019-04-26T23:01:27Z"
"spotify:track:6MWtB6iiXyIwun0YzU6DFP","Wow.","Post Malone","Wow.","1","1","149520","spotify:user:12153926993","2019-04-26T23:01:36Z"
"spotify:track:45Egmo7icyopuzJN0oMEdk","Love Lies (with Normani)","Khalid, Normani","Love Lies (with Normani)","1","1","201707","spotify:user:12153926993","2019-04-26T23:01:45Z"
"spotify:track:4VUwkH455At9kENOfzTqmF","Beautiful (feat. Camila Cabello)","Bazzi, Camila Cabello","Beautiful (feat. Camila Cabello)","1","1","180000","spotify:user:12153926993","2019-04-26T23:01:54Z"
"spotify:track:6zeeWid2sgw4lap2jV61PZ","Better","Khalid","Suncity","1","6","229320","spotify:user:12153926993","2019-04-26T23:02:01Z"
"spotify:track:2VxeLyX666F8uXCJ0dZF8B","Shallow","Lady Gaga, Bradley Cooper","A Star Is Born Soundtrack","1","12","215733","spotify:user:12153926993","2019-04-26T23:02:08Z"
"spotify:track:698eQRku24PIYPQPHItKlA","She Got the Best of Me","Luke Combs","This One's for You Too (Deluxe Edition)","1","17","183160","spotify:user:12153926993","2019-04-26T23:02:19Z"
"spotify:track:3wScL5W8H40zzCKN0atfBk","Uproar","Lil Wayne, Swizz Beatz","Tha Carter V","1","4","194184","spotify:user:12153926993","2019-04-26T23:02:43Z"
"spotify:track:1wJRveJZLSb1rjhnUHQiv6","Swervin (feat. 6ix9ine)","A Boogie Wit da Hoodie, 6ix9ine","Hoodie SZN","1","4","189486","spotify:user:12153926993","2019-04-26T23:02:50Z"
"spotify:track:1nbYiPgDJ4T3t46Is5Zc26","can't leave without it","21 Savage","i am > i was (Deluxe)","1","8","205351","spotify:user:12153926993","2019-04-26T23:03:03Z"
"spotify:track:6Up545NUflOiXo8cEraH49","You Say","Lauren Daigle","Look Up Child","1","5","274693","spotify:user:12153926993","2019-04-26T23:03:11Z"
"spotify:track:5JEx7HbmvHQQswJCsoo9rA","Close To Me (with Diplo) (feat. Swae Lee)","Ellie Goulding, Diplo, Swae Lee","Close To Me (feat. Swae Lee)","1","1","182623","spotify:user:12153926993","2019-04-26T23:03:19Z"
"spotify:track:3VamXAvVMczcS2PTYtPfBQ","Best Shot","Jimmie Allen","Mercury Lane","1","13","195053","spotify:user:12153926993","2019-04-26T23:03:29Z"
"spotify:track:1lL7Sj9AitQT7YWXs6obEq","Dangerous (feat. Jeremih and PnB Rock)","Meek Mill, Jeremih, PnB Rock","Legends Of The Summer","1","2","234589","spotify:user:12153926993","2019-04-26T23:03:37Z"
"spotify:track:3EPXxR3ImUwfayaurPi3cm","Be Alright","Dean Lewis","Be Alright","1","1","196373","spotify:user:12153926993","2019-04-26T23:03:46Z"
"spotify:track:1G4cdOtF36ZCs6i2dZoC87","Drunk Me","Mitchell Tenpenny","Telling All My Secrets","1","8","211767","spotify:user:12153926993","2019-04-26T23:03:53Z"
"spotify:track:6uSSupG4TMu3vW8QgynAB6","Startender (feat. Offset and Tyga)","A Boogie Wit da Hoodie, Tyga, Offset","Startender (feat. Offset and Tyga)","1","1","192779","spotify:user:12153926993","2019-04-26T23:04:00Z"
"spotify:track:3Ol2xnObFdKV9pmRD2t9x8","Look Back At It","A Boogie Wit da Hoodie","Hoodie SZN","1","11","179449","spotify:user:12153926993","2019-04-26T23:04:10Z"
"spotify:track:6TaqooOXAEcijL6G1AWS2K","All My Friends (feat. Tinashe & Chance the Rapper)","Snakehips, Tinashe, Chance the Rapper","All My Friends (feat. Tinashe & Chance the Rapper)","1","1","229746","spotify:user:12153926993","2019-04-26T23:04:19Z"
"spotify:track:4CH66Rxcjcj3VBHwmIBj4T","BAD!","XXXTENTACION","BAD!","1","1","94245","spotify:user:12153926993","2019-04-26T23:04:30Z"
"spotify:track:0PpfPNtQOOvbMNVJijTQj0","Backin' It Up (feat. Cardi B)","Pardison Fontaine, Cardi B","Backin' It Up (feat. Cardi B)","1","1","190466","spotify:user:12153926993","2019-04-26T23:04:43Z"
"spotify:track:5ZSIExfQuVv69tw5Qw3yDl","break da law","21 Savage","i am > i was","1","2","177747","spotify:user:12153926993","2019-04-26T23:04:51Z"
"spotify:track:39LmTF9RgyakzSYX8txrow","imagine","Ariana Grande","thank u, next","1","1","212266","spotify:user:12153926993","2019-04-26T23:05:04Z"
"spotify:track:51w9Jbat1pLeWINGCpnQUR","TAlk tO Me (with Rich The Kid feat. Lil Wayne) - Remix","Tory Lanez, Rich The Kid, Lil Wayne","TAlk tO Me (with Rich The Kid feat. Lil Wayne) [Remix]","1","1","248520","spotify:user:12153926993","2019-04-26T23:05:12Z"
"spotify:track:2FUNBaa5DwItJtYEBgAblU","monster","21 Savage","i am > i was","1","13","233039","spotify:user:12153926993","2019-04-26T23:05:22Z"
"spotify:track:2MShy1GSSgbmGUxADNIao5","Calling My Spirit","Kodak Black","Dying To Live","1","10","152000","spotify:user:12153926993","2019-04-26T23:05:29Z"
"spotify:track:7sTtHHrD0zDpmzQzH3zegz","Consequences","Camila Cabello","Camila","1","6","178466","spotify:user:12153926993","2019-04-26T23:05:38Z"
"spotify:track:5wujBwqG7INdStqGd4tRMX","Armed And Dangerous","Juice WRLD","Goodbye & Good Riddance","1","5","169999","spotify:user:12153926993","2019-04-26T23:08:44Z"
"spotify:track:2LskIZrCeLxRvCiGP8gxlh","Arms Around You (feat. Maluma & Swae Lee)","XXXTENTACION, Lil Pump, Swae Lee, Maluma","Arms Around You (feat. Maluma & Swae Lee)","1","1","198902","spotify:user:12153926993","2019-04-26T23:09:13Z"
"spotify:track:27rdGxbavYJeBphck5MZAF","Nothing Breaks Like a Heart (feat. Miley Cyrus)","Mark Ronson, Miley Cyrus","Nothing Breaks Like a Heart (feat. Miley Cyrus)","1","1","217466","spotify:user:12153926993","2019-04-26T23:09:28Z"
"spotify:track:4PkIDTPGedm0enzdvilLNd","Sixteen","Ellie Goulding","Sixteen","1","1","201072","spotify:user:12153926993","2019-04-26T23:09:35Z"
"spotify:track:4a1oIihVt6xSnDRpgX387M","Burning Man","Dierks Bentley, Brothers Osborne","The Mountain","1","1","238493","spotify:user:12153926993","2019-04-26T23:09:51Z"
"spotify:track:2rxQMGVafnNaRaXlRMWPde","Beautiful Crazy","Luke Combs","This One's for You Too (Deluxe Edition)","1","15","193200","spotify:user:12153926993","2019-04-26T23:10:33Z"
"spotify:track:43zdsphuZLzwA9k4DJhU0I","when the party's over","Billie Eilish","WHEN WE ALL FALL ASLEEP, WHERE DO WE GO?","1","7","196077","spotify:user:12153926993","2019-04-26T23:10:43Z"
"spotify:track:4NBTZtAt1F13VvlSKe6KTl","This Feeling","The Chainsmokers, Kelsea Ballerini","Sick Boy","1","1","197946","spotify:user:12153926993","2019-04-26T23:11:02Z"
"spotify:track:01jIO8SJFnpSiNLH1JaBZ5","You","Jacquees","4275 (Bonus Version)","1","19","217386","spotify:user:12153926993","2019-04-26T23:11:17Z"
"spotify:track:2wOXxtHZgRkkrkEbKLzzqs","1.5","21 Savage","i am > i was","1","6","148655","spotify:user:12153926993","2019-04-26T23:11:24Z"
"spotify:track:4B8vU5oDXVxO5OkLAI4aLx","out for the night - part 2","21 Savage","i am > i was (Deluxe)","1","16","235232","spotify:user:12153926993","2019-04-26T23:11:35Z"
"spotify:track:5HnXcJJbNXQQ7tRlQ9VN1v","Good Girl","Dustin Lynch","Good Girl","1","1","189533","spotify:user:12153926993","2019-04-26T23:11:42Z"
"spotify:track:04MLEeAMuV9IlHEsD8vF6A","No Stylist","French Montana, Drake","No Stylist","1","1","192172","spotify:user:12153926993","2019-04-26T23:11:49Z"
"spotify:track:0u2P5u6lvoDfwTYjAADbn4","lovely (with Khalid)","Billie Eilish, Khalid","lovely (with Khalid)","1","1","200185","spotify:user:12153926993","2019-04-26T23:11:58Z"
"spotify:track:3f5lA8nnc4YYF1qf78WpHw","Ella Quiere Beber - Remix","Anuel Aa, Romeo Santos","Ella Quiere Beber (Remix)","1","1","219357","spotify:user:12153926993","2019-04-26T23:12:07Z"
"spotify:track:3L19besdNQzd342qL78xqm","Demons and Angels (feat. Juice WRLD)","A Boogie Wit da Hoodie, Juice WRLD","Hoodie SZN","1","6","214592","spotify:user:12153926993","2019-04-26T23:12:54Z"
"spotify:track:2QgfDF0fQ4sskDthP8MG5w","asmr","21 Savage","i am > i was","1","9","171713","spotify:user:12153926993","2019-04-26T23:13:06Z"
"spotify:track:6viHvc13l9A6Ua6xugpeX6","Last Shot","Kip Moore","SLOWHEART","1","11","228480","spotify:user:12153926993","2019-04-26T23:13:19Z"
"spotify:track:5274I4mUMnYczyeXkGDWZN","Fine China","Future, Juice WRLD","Future & Juice WRLD Present... WRLD ON DRUGS","1","3","141586","spotify:user:12153926993","2019-04-26T23:13:28Z"
"spotify:track:05t7JMip6JrLuSrMV5yYjX","Envy Me","Calboy","Envy Me","1","1","120136","spotify:user:12153926993","2019-04-26T23:13:38Z"
"spotify:track:79esEXlqqmq0GPz0xQSZTV","Lost In Japan","Shawn Mendes","Shawn Mendes","1","6","201200","spotify:user:12153926993","2019-04-26T23:13:50Z"
"spotify:track:58q2HKrzhC3ozto2nDdN4z","I Like It","Cardi B, Bad Bunny, J Balvin","Invasion of Privacy","1","7","253390","spotify:user:12153926993","2019-04-26T23:15:23Z"
"spotify:track:6Gy7rXB6Ku5vIWC7WGWsl3","KIKA (feat. Tory Lanez)","6ix9ine, Tory Lanez","DUMMY BOY","1","4","136031","spotify:user:12153926993","2019-04-26T23:16:38Z"
"spotify:track:74lnM5V6ecvoTPV0fvptx9","Nuketown (feat. Juice WRLD)","Ski Mask The Slump God, Juice WRLD","STOKELEY","1","2","166400","spotify:user:12153926993","2019-04-26T23:16:44Z"
"spotify:track:5tAa8Uaqr4VvA3693mbIhU","Ruin My Life","Zara Larsson","Ruin My Life","1","1","190931","spotify:user:12153926993","2019-04-26T23:16:50Z"
"spotify:track:21RzyxY3EFaxVy6K4RqaU9","Body","Loud Luxury, Brando","Body","1","1","163216","spotify:user:12153926993","2019-04-26T23:16:57Z"
"spotify:track:4hXDobvUaXyDFLnmecoY0z","Dip (feat. Nicki Minaj)","Tyga, Nicki Minaj","Dip (feat. Nicki Minaj)","1","1","195991","spotify:user:12153926993","2019-04-26T23:17:05Z"
"spotify:track:5nzhL67GpF9szXWg5y509A","Close Friends (Lil Baby & Gunna)","Lil Baby","Drip Harder","1","11","203881","spotify:user:12153926993","2019-04-26T23:17:12Z"
"spotify:track:2oPCR02nduYVpj7CTfsA0d","Blue Tacoma","Russell Dickerson","Yours","1","3","212066","spotify:user:12153926993","2019-04-26T23:17:23Z"
"spotify:track:7lAK3oHbfEnvUQWosrMMpR","YOSEMITE","Travis Scott","ASTROWORLD","1","12","150043","spotify:user:12153926993","2019-04-26T23:17:28Z"
"spotify:track:577YBGuskWkVDCxZrLRB4v","Pure Cocaine","Lil Baby","Street Gossip","1","2","154023","spotify:user:12153926993","2019-04-26T23:17:38Z"
"spotify:track:68JS5SFTnW5Yv9Vzw81Jf0","Millionaire","Chris Stapleton","From A Room: Volume 2","1","1","210133","spotify:user:12153926993","2019-04-26T23:17:47Z"
"spotify:track:5N4erncE7kuUccm7zEmwzk","Electricity (with Dua Lipa)","Silk City, Dua Lipa, Diplo, Mark Ronson","Electricity (with Dua Lipa)","1","1","238173","spotify:user:12153926993","2019-04-26T23:18:13Z"
"spotify:track:6supMAknraGpJrN5qqYfV8","Good Form (feat. Lil Wayne)","Nicki Minaj, Lil Wayne","Queen (Deluxe)","1","20","237493","spotify:user:12153926993","2019-04-26T23:18:35Z"
"spotify:track:60SdxE8apGAxMiRrpbmLY0","Lucky You (feat. Joyner Lucas)","Eminem, Joyner Lucas","Kamikaze","1","3","244679","spotify:user:12153926993","2019-04-26T23:18:45Z"
"spotify:track:5YAP8zpqj1eIX88makBjDe","Roses (with Juice WRLD feat. Brendon Urie)","benny blanco, Juice WRLD, Brendon Urie","Roses (with Juice WRLD feat. Brendon Urie)","1","1","223542","spotify:user:12153926993","2019-04-26T23:18:54Z"
"spotify:track:7pdF27mSDuPWhppnHAmWHa","whoa (mind in awe)","XXXTENTACION","SKINS","1","4","157776","spotify:user:12153926993","2019-04-26T23:19:01Z"
"spotify:track:7hDVYcQq6MxkdJGweuCtl9","ocean eyes","Billie Eilish","dont smile at me","1","7","200379","spotify:user:12153926993","2019-04-26T23:19:10Z"
"spotify:track:7uiBocndm12aKbsdnQ3Scx","Undecided","Chris Brown","Undecided","1","1","187297","spotify:user:12153926993","2019-04-26T23:19:52Z"
"spotify:track:1fewSx2d5KIZ04wsooEBOz","Space Cadet (feat. Gunna)","Metro Boomin, Gunna","NOT ALL HEROES WEAR CAPES (Deluxe)","1","5","203266","spotify:user:12153926993","2019-04-26T23:21:06Z"
"spotify:track:2JqnpexlO9dmvjUMCaLCLJ","Love Someone","Lukas Graham","Love Someone","1","1","205463","spotify:user:12153926993","2019-04-26T23:21:18Z"
"spotify:track:2vXKRlJBXyOcvZYTdNeckS","Lost in the Fire (feat. The Weeknd)","Gesaffelstein, The Weeknd","Hyperion","1","3","202093","spotify:user:12153926993","2019-04-26T23:23:08Z"
"spotify:track:6Qs4SXO9dwPj5GKvVOv8Ki","Dancing With A Stranger (with Normani)","Sam Smith, Normani","Dancing With A Stranger (with Normani)","1","1","171029","spotify:user:12153926993","2019-04-26T23:23:30Z"
"spotify:track:7vGGAJBkHKxKtOnGjQduDV","Saturday Nights","Khalid","Suncity","1","3","209546","spotify:user:12153926993","2019-04-26T23:27:58Z"
"spotify:track:1I3ZAmPmbFV78oNKnibOiW","Jumpin on a Jet","Future","Future Hndrxx Presents: The WIZRD","1","2","137133","spotify:user:12153926993","2019-04-26T23:29:06Z"
"spotify:track:61Oo3DUJubecZQosjho6Pp","Valuable Pain","YoungBoy Never Broke Again","Realer","1","6","169459","spotify:user:12153926993","2019-04-26T23:29:20Z"
"spotify:track:3KLo7ByvjCNyBrfz5DZ2mO","Splashin","Rich The Kid","The World Is Yours 2","1","3","177864","spotify:user:12153926993","2019-04-26T23:29:49Z"
"spotify:track:14msK75pk3pA33pzPVNtBF","7 rings","Ariana Grande","7 rings","1","1","178640","spotify:user:12153926993","2019-04-26T23:30:55Z"
"spotify:track:1AGPmw3QJBNfOK6XioDhZp","Never Stop","Future","Future Hndrxx Presents: The WIZRD","1","1","291333","spotify:user:12153926993","2019-04-26T23:32:53Z"
"spotify:track:5W83ErFkO3aKAIS1WMi6u0","Secreto","Anuel Aa, Karol G","Secreto","1","1","258800","spotify:user:12153926993","2019-04-26T23:33:06Z"
"spotify:track:6vWEAOUSxohKxhp0K1BsxL","Mixed Personalities (feat. Kanye West)","YNW Melly, Kanye West","We All Shine","1","9","230400","spotify:user:12153926993","2019-04-26T23:33:18Z"
"spotify:track:4HfaOznGhHYWqPtpLYz2PB","Rocket Ship","Future","Future Hndrxx Presents: The WIZRD","1","3","116846","spotify:user:12153926993","2019-04-26T23:33:42Z"
"spotify:track:63cd4JkwGgYJrbOizbfmsp","Pure Water (with Migos)","Mustard, Migos","Pure Water (with Migos)","1","1","194519","spotify:user:12153926993","2019-04-26T23:33:53Z"
"spotify:track:5YP6yKgGGsXKukqxXypVAf","F&N","Future","Future Hndrxx Presents: The WIZRD","1","6","189427","spotify:user:12153926993","2019-04-26T23:34:11Z"
"spotify:track:6ZRuF2n1CQxyxxAAWsKJOy","Nights Like This (feat. Ty Dolla $ign)","Kehlani, Ty Dolla $ign","While We Wait","1","6","201787","spotify:user:12153926993","2019-04-26T23:35:18Z"
"spotify:track:7eBqSVxrzQZtK2mmgRG6lC","Murder On My Mind","YNW Melly","I AM YOU","1","13","268434","spotify:user:12153926993","2019-04-26T23:35:57Z"
"spotify:track:1NHlyKgtR4roNylOhidKSv","Girls Have Fun (feat. G-Eazy & Rich The Kid)","Tyga, G-Eazy, Rich The Kid","Girls Have Fun (feat. G-Eazy & Rich The Kid)","1","1","175710","spotify:user:12153926993","2019-04-26T23:36:03Z"
"spotify:track:0CALOqrkXAE7WB2nyIATLk","Face My Fears - English Version","Hikaru Utada, Skrillex","Face My Fears","1","1","222013","spotify:user:12153926993","2019-04-26T23:36:12Z"
"spotify:track:1WlU4jsJ8AoTB96dgd8LJA","Call the Coroner","Future","Future Hndrxx Presents: The WIZRD","1","7","131755","spotify:user:12153926993","2019-04-26T23:36:35Z"
"spotify:track:43CFDpciGFDm226POTLEXU","Love Someone","Brett Eldredge","Brett Eldredge","1","1","211720","spotify:user:12153926993","2019-04-26T23:38:51Z"
"spotify:track:7bzo7pQlAYvJeeo8AT2QJr","Down To The Honkytonk","Jake Owen","Down To The Honkytonk","1","1","183140","spotify:user:12153926993","2019-04-26T23:39:16Z"
"spotify:track:7COXchtUOMd6uIT6HvmRaI","i'm so tired...","Lauv, Troye Sivan","i'm so tired...","1","1","162582","spotify:user:12153926993","2019-04-26T23:39:37Z"
"spotify:track:2GlATHCDbLW7xq5BE0Bz5g","Shot Clock","Ella Mai","Ella Mai","1","7","201609","spotify:user:12153926993","2019-04-26T23:40:03Z"
"spotify:track:3jq1RpStaB1YGyN3rRZGca","Sauce!","XXXTENTACION","XXXTENTACION Presents: Members Only, Vol. 4","1","3","144724","spotify:user:12153926993","2019-04-26T23:40:15Z"
"spotify:track:4au7FRcgZzChASRYu279xH","Con Calma - Remix","Daddy Yankee, Katy Perry, Snow","Con Calma (Remix)","1","1","181280","spotify:user:12153926993","2019-04-26T23:42:03Z"
"spotify:track:6VcXUV6nNDhFHDxJbtNSWx","Love Wins","Carrie Underwood","Love Wins","1","1","228640","spotify:user:12153926993","2019-04-26T23:42:10Z"
"spotify:track:7C6JnGZRj0HMIF06rlz9Mb","Make It Sweet","Old Dominion","Old Dominion","1","1","186133","spotify:user:12153926993","2019-04-26T23:42:26Z"
"spotify:track:2qxmye6gAegTMjLKEBoR3d","Let Me Down Slowly","Alec Benjamin","Narrated For You","1","4","169353","spotify:user:12153926993","2019-04-26T23:42:48Z"
"spotify:track:4SSnFejRGlZikf02HLewEF","bury a friend","Billie Eilish","WHEN WE ALL FALL ASLEEP, WHERE DO WE GO?","1","10","193143","spotify:user:12153926993","2019-04-26T23:44:07Z"
"spotify:track:3oh6SCCeLuXhFpEyepla6G","Thotiana","Blueface","Famous Cryp","1","3","129264","spotify:user:12153926993","2019-04-26T23:44:23Z"
"spotify:track:12mGwph2YzDIlChtq3EdXP","Alone","Marshmello","Alone","1","1","273802","spotify:user:12153926993","2019-04-26T23:45:03Z"
"spotify:track:7Il2yWQmsqKgSkLQvHTPUI","Tequila","Dan + Shay","Tequila","1","1","195986","spotify:user:12153926993","2019-04-26T23:45:20Z"
"spotify:track:5ygDXis42ncn6kYG14lEVG","Baby Shark","Pinkfong","Pinkfong Animal Songs","1","1","96332","spotify:user:12153926993","2019-04-26T23:45:36Z"
"spotify:track:0RRm4OS5ymfZryXBuj0G2m","Twerk (feat. Cardi B)","City Girls, Cardi B","Girl Code","1","2","166476","spotify:user:12153926993","2019-04-26T23:46:13Z"
"spotify:track:2IoZOYOZDrWCOLoZoYedxQ","One Call","Gunna","One Call","1","1","195736","spotify:user:12153926993","2019-04-26T23:46:41Z"
"spotify:track:6PRh0ilIMEP1xlUHqalnkD","Put a Date On It (feat. Lil Baby)","Yo Gotti, Lil Baby","Put a Date On It (feat. Lil Baby)","1","1","195257","spotify:user:12153926993","2019-04-26T23:46:48Z"
"spotify:track:3WRIaWsws011vHMd9uzPjG","First Off (feat. Travis Scott)","Future, Travis Scott","Future Hndrxx Presents: The WIZRD","1","17","228366","spotify:user:12153926993","2019-04-26T23:47:23Z"
"spotify:track:25F6MWrnFBCXVnpN4n76EK","Keanu Reeves","Logic","Keanu Reeves","1","1","225986","spotify:user:12153926993","2019-04-26T23:48:01Z"
"spotify:track:7yrJnekdlwWARt5lmVqJ6L","Burn Out","Midland","On The Rocks","1","5","188613","spotify:user:12153926993","2019-04-26T23:48:23Z"
"spotify:track:5NfJGBAL9mgFPRQxKJmiX2","Miss Me More","Kelsea Ballerini","Unapologetically (Deluxe Edition)","1","2","192840","spotify:user:12153926993","2019-04-26T23:48:32Z"
"spotify:track:2JvzF1RMd7lE3KmFlsyZD8","MIDDLE CHILD","J. Cole","MIDDLE CHILD","1","1","213593","spotify:user:12153926993","2019-04-29T05:23:53Z"
"spotify:track:5w9c2J52mkdntKOmRLeM2m","Con Calma","Daddy Yankee, Snow","Con Calma","1","1","193226","spotify:user:12153926993","2019-04-29T05:25:45Z"
"spotify:track:0bPnT6i9H1p8Vd85GS6Z7I","Night Shift","Jon Pardi","California Sunrise","1","4","172253","spotify:user:12153926993","2019-04-29T05:26:09Z"
"spotify:track:3OjNkFFZavF89xvRqWCXmU","On My Way to You","Cody Johnson","Ain't Nothin' to It","1","11","213306","spotify:user:12153926993","2019-04-29T05:28:43Z"
"spotify:track:1TEL6MlSSVLSdhOSddidlJ","needy","Ariana Grande","thank u, next","1","2","171573","spotify:user:12153926993","2019-05-01T18:59:08Z"
"spotify:track:4uTvPEr01pjTbZgl7jcKBD","NASA","Ariana Grande","thank u, next","1","3","182000","spotify:user:12153926993","2019-05-01T18:59:17Z"
"spotify:track:2hloaUoRonYssMuqLCBLTX","bloodline","Ariana Grande","thank u, next","1","4","216893","spotify:user:12153926993","2019-05-01T18:59:48Z"
"spotify:track:2vdBo4ALPYbHRUPKgtE5iC","ghostin","Ariana Grande","thank u, next","1","8","271466","spotify:user:12153926993","2019-05-01T18:59:56Z"
"spotify:track:3wFLWP0FcIqHK1wb1CPthQ","fake smile","Ariana Grande","thank u, next","1","5","208880","spotify:user:12153926993","2019-05-01T19:00:06Z"
"spotify:track:5Il6Oe7lr5XM7A0cWbVQtr","bad idea","Ariana Grande","thank u, next","1","6","267106","spotify:user:12153926993","2019-05-01T19:00:14Z"
"spotify:track:5QiNbIilmMiMBXvaAlf7lN","Who Do You Love (with 5 Seconds of Summer)","The Chainsmokers, 5 Seconds of Summer","World War Joy...Do You Mean","1","3","226746","spotify:user:12153926993","2019-05-01T19:00:58Z"
"spotify:track:3dCZm5HrG0jIXAHfNkg2H0","Take It From Me","Jordan Davis","Home State","1","1","174254","spotify:user:12153926993","2019-05-01T19:01:39Z"
"spotify:track:79qxwHypONUt3AFq0WPpT9","Rainbow","Kacey Musgraves","Golden Hour","1","13","214293","spotify:user:12153926993","2019-05-01T19:03:39Z"
"spotify:track:2MJdgSby3DtSS7bUJx2cly","Red Room","Offset","Red Room","1","1","241440","spotify:user:12153926993","2019-05-01T19:07:15Z"
"spotify:track:6TqXcAFInzjp0bODyvrWEq","Talk","Khalid","Free Spirit","1","5","197573","spotify:user:12153926993","2019-05-01T19:07:25Z"
"spotify:track:3bDXhWsPiFTHtrsMg5faL2","What Makes You Country","Luke Bryan","What Makes You Country","1","1","235266","spotify:user:12153926993","2019-05-01T19:07:36Z"
"spotify:track:2XWjPtKdi5sucFYtVav07d","365","Zedd, Katy Perry","365","1","1","181899","spotify:user:12153926993","2019-05-01T19:08:57Z"
"spotify:track:4XiGKQqbmnMVxDzUj6j3f2","Worth It","YK Osiris","Worth It","1","1","189253","spotify:user:12153926993","2019-05-01T19:09:05Z"
"spotify:track:4ivJ1KEoJ6S93JbSWvOME1","There Was This Girl","Riley Green","In A Truck Right Now","1","1","194480","spotify:user:12153926993","2019-05-01T19:09:24Z"
"spotify:track:2TLDilmv1UmRTfyb7f2Hrx","One That Got Away","Michael Ray","Amos","1","2","218733","spotify:user:12153926993","2019-05-01T19:09:56Z"
"spotify:track:7pMRoGLEJuFM2wl5pt0R99","Legacy (feat. Travis Scott & 21 Savage)","Offset, Travis Scott, 21 Savage","FATHER OF 4","1","11","244941","spotify:user:12153926993","2019-05-01T19:20:11Z"
"spotify:track:59ywHNwwchG4nZJMLyxSzd","Clout (feat. Cardi B)","Offset, Cardi B","FATHER OF 4","1","12","205803","spotify:user:12153926993","2019-05-01T19:20:41Z"
"spotify:track:32iPykTXUNZ9oGyACGUybq","How Did I Get Here (feat. J. Cole)","Offset, J. Cole","FATHER OF 4","1","2","276794","spotify:user:12153926993","2019-05-01T19:20:51Z"
"spotify:track:76PwajqH3ej4hnk9tgaJpp","Outstanding","Gunna","Drip or Drown 2","1","2","180780","spotify:user:12153926993","2019-05-01T19:21:48Z"
"spotify:track:2OaKHGvIxoOzIYjyMsxcT8","3 Headed Snake (feat. Young Thug)","Gunna, Young Thug","Drip or Drown 2","1","11","241995","spotify:user:12153926993","2019-05-01T19:21:55Z"
"spotify:track:1unFtbwcAnSGgYPmp52vc0","Wit It","Gunna","Drip or Drown 2","1","1","139644","spotify:user:12153926993","2019-05-01T19:22:01Z"
"spotify:track:4W9XGjEUVG9junR70FOLii","Lick","Offset","FATHER OF 4","1","3","204515","spotify:user:12153926993","2019-05-01T19:23:03Z"
"spotify:track:5AnSllIrgGsCZzZJkVnApx","Eyes On You","Chase Rice","Lambs & Lions","1","4","182493","spotify:user:12153926993","2019-05-01T19:23:12Z"
"spotify:track:3BXXkwyhsHM0EPApHMhQC5","Speed It Up","Gunna","Speed It Up","1","1","179021","spotify:user:12153926993","2019-05-01T19:23:45Z"
"spotify:track:1HNywa8Bk0TmzRwQrzhtPo","I Guess I Just Feel Like","John Mayer","I Guess I Just Feel Like","1","1","285480","spotify:user:12153926993","2019-05-01T19:24:27Z"
"spotify:track:1D07CwYBPqu8NbQTdu9C1g","Good as You","Kane Brown","Experiment","1","2","192053","spotify:user:12153926993","2019-05-01T19:24:36Z"
"spotify:track:1q9jq5X5vwmewjOa2mHtQ1","Same Yung Nigga (feat. Playboi Carti)","Gunna, Playboi Carti","Drip or Drown 2","1","15","180934","spotify:user:12153926993","2019-05-01T19:24:53Z"
"spotify:track:4qQwGRtGT7l6ckQtdPEFd4","Talk You Out Of It","Florida Georgia Line","Can't Say I Ain't Country","1","4","202920","spotify:user:12153926993","2019-05-01T19:25:01Z"
"spotify:track:1ThmUihH9dF8EV08ku5AXN","Faucet Failure","Ski Mask The Slump God","STOKELEY","1","11","145626","spotify:user:12153926993","2019-05-01T19:25:17Z"
"spotify:track:4y3OI86AEP6PQoDE6olYhO","Sucker","Jonas Brothers","Sucker","1","1","181040","spotify:user:12153926993","2019-05-01T19:50:05Z"
"spotify:track:0PG9fbaaHFHfre2gUVo7AN","Please Me","Cardi B, Bruno Mars","Please Me","1","1","200889","spotify:user:12153926993","2019-05-01T19:50:13Z"
"spotify:track:6FRLCMO5TUHTexlWo8ym1W","Girls Like You (feat. Cardi B)","Maroon 5, Cardi B","Girls Like You (feat. Cardi B)","1","1","235545","spotify:user:12153926993","2019-05-01T19:50:45Z"
"spotify:track:6Z4rmc0uujCpl8yXe3yjgI","Whip (feat. Travis Scott)","2 Chainz, Travis Scott","Rap Or Go To The League","1","6","226600","spotify:user:12153926993","2019-05-01T19:52:29Z"
"spotify:track:3A2yGHWIzmGEIolwonU69h","Act Up","City Girls","Girl Code","1","3","158332","spotify:user:12153926993","2019-05-01T19:52:41Z"
"spotify:track:6foY66mWZN0pSRjZ408c00","Whiskey Glasses","Morgan Wallen","If I Know Me","1","4","234346","spotify:user:12153926993","2019-05-01T19:53:12Z"
"spotify:track:7DHApOHsIFo7EyfieArYGE","Walk Me Home","P!nk","Walk Me Home","1","1","177390","spotify:user:12153926993","2019-05-01T19:53:34Z"
"spotify:track:1WSGTYKLEpKfNQYYW5Oymt","I Can’t Get Enough (benny blanco, Selena Gomez, J Balvin, Tainy)","benny blanco, Selena Gomez, J Balvin, Tainy","I Can’t Get Enough (benny blanco, Selena Gomez, J Balvin, Tainy)","1","1","158027","spotify:user:12153926993","2019-05-01T19:53:45Z"
"spotify:track:7jKUnzzOGhAlPjr7LkIUlE","Momma I Hit A Lick (feat. Kendrick Lamar)","2 Chainz, Kendrick Lamar","Rap Or Go To The League","1","8","173760","spotify:user:12153926993","2019-05-01T19:54:16Z"
"spotify:track:6Hj9jySrnFppAI0sEMCZpJ","Robbery","Juice WRLD","Death Race For Love","1","8","240050","spotify:user:12153926993","2019-05-01T19:54:53Z"
"spotify:track:13ZyrkCDmRz5xY3seuAWYk","Hear Me Calling","Juice WRLD","Death Race For Love","1","6","189977","spotify:user:12153926993","2019-05-01T19:56:07Z"
"spotify:track:41MCdlvXOl62B7Kv86Bb1v","Empty","Juice WRLD","Death Race For Love","1","1","248431","spotify:user:12153926993","2019-05-01T19:56:39Z"
"spotify:track:6u7jPi22kF8CTQ3rb9DHE7","Old Town Road - Remix","Lil Nas X, Billy Ray Cyrus","Old Town Road","1","1","157066","spotify:user:12153926993","2019-05-01T19:56:58Z"
"spotify:track:14SaZBTjxlorHJQxXh01Hu","Girls Need Love (with Drake) - Remix","Summer Walker, Drake","Last Day Of Summer","1","13","222374","spotify:user:12153926993","2019-05-01T19:57:05Z"
"spotify:track:3y5B5ebFMzEEFqCPOesAXR","GIRL","Maren Morris","GIRL","1","1","250653","spotify:user:12153926993","2019-05-01T19:57:25Z"
"spotify:track:4mUIe9gfsdtsVP2zFIl74x","Maze","Juice WRLD","Death Race For Love","1","2","144090","spotify:user:12153926993","2019-05-01T19:58:07Z"
"spotify:track:2RSHsoi04658QL5xgQVov3","Bad Liar","Imagine Dragons","Origins (Deluxe)","1","5","260773","spotify:user:12153926993","2019-05-01T19:58:25Z"
"spotify:track:1DUSuNhF8P5vUGNPpQiZa5","My Bad","Khalid","My Bad","1","1","166101","spotify:user:12153926993","2019-05-01T19:58:41Z"
"spotify:track:1HY7Ze0NWqDJkl4g4MV62Q","Look What God Gave Her","Thomas Rhett","Look What God Gave Her","1","1","168214","spotify:user:12153926993","2019-05-01T19:58:54Z"
"spotify:track:5SHhPFh68OhUmuRPymKX9d","Undrunk","FLETCHER","Undrunk","1","1","183428","spotify:user:12153926993","2019-05-01T20:00:14Z"
"spotify:track:56eGOeSsqdg3FLxdo83TwV","Rumor","Lee Brice","Lee Brice","1","8","198440","spotify:user:12153926993","2019-05-01T20:00:32Z"
"spotify:track:2BSbCCbaSCzkOEZa6N5901","Flaws And Sins","Juice WRLD","Death Race For Love","1","9","218348","spotify:user:12153926993","2019-05-01T20:00:43Z"
"spotify:track:2v5JTeM6hSmi5wWy7jiwrI","I've Been Waiting (w/ ILoveMakonnen & Fall Out Boy)","Lil Peep, ILoveMakonnen, Fall Out Boy","I've Been Waiting (w/ ILoveMakonnen & Fall Out Boy)","1","1","233613","spotify:user:12153926993","2019-05-01T20:00:55Z"
"spotify:track:2rbDhOo9Fh61Bbu23T2qCk","Always Remember Us This Way","Lady Gaga","A Star Is Born Soundtrack (Without Dialogue)","1","9","210200","spotify:user:12153926993","2019-05-01T20:01:07Z"
"spotify:track:38nVuIj9mi5a8oopOJhSJk","Here Tonight","Brett Young","Ticket To L.A.","1","2","216533","spotify:user:12153926993","2019-05-01T20:02:10Z"
"spotify:track:6tByydPskASjm9jTPkNQq0","Numb Numb Juice","ScHoolboy Q","CrasH Talk","1","4","107146","spotify:user:12153926993","2019-05-01T20:02:20Z"
"spotify:track:7dsEsd0rlVs6PddRJj64ho","Sally Walker","Iggy Azalea","Sally Walker","1","1","178993","spotify:user:12153926993","2019-05-01T20:02:32Z"
"spotify:track:5icOoE6VgqFKohjWWNp0Ac","Here With Me","Marshmello, CHVRCHES","Here With Me","1","1","156346","spotify:user:12153926993","2019-05-01T20:03:05Z"
"spotify:track:0rKtyWc8bvkriBthvHKY8d","SLOW DANCING IN THE DARK","Joji","BALLADS 1","1","2","209273","spotify:user:12153926993","2019-05-01T20:04:02Z"
"spotify:track:4hqOmrCCJKyiuwDexd8c2t","Price On My Head (feat. The Weeknd)","NAV, The Weeknd","Bad Habits (Deluxe)","1","6","217775","spotify:user:12153926993","2019-05-01T20:06:42Z"
"spotify:track:5CE0V7z1ePOZQNJNpWxYGA","Confessions of a Dangerous Mind","Logic","Confessions of a Dangerous Mind","1","1","284080","spotify:user:12153926993","2019-05-01T20:07:18Z"
"spotify:track:0i0wnv9UoFdZ5MfuFGQzMy","Last Hurrah","Bebe Rexha","Last Hurrah","1","1","150333","spotify:user:12153926993","2019-05-01T20:08:27Z"
"spotify:track:5WHTFyqSii0lmT9R21abT8","Don't Call Me Up","Mabel","Ivy To Roses (Mixtape)","1","1","178480","spotify:user:12153926993","2019-05-01T20:08:43Z"
"spotify:track:4QIo4oxwzzafcBWkKjDpXY","xanny","Billie Eilish","WHEN WE ALL FALL ASLEEP, WHERE DO WE GO?","1","3","243725","spotify:user:12153926993","2019-05-01T20:09:44Z"
"spotify:track:3XF5xLJHOQQRbWya6hBp7d","you should see me in a crown","Billie Eilish","WHEN WE ALL FALL ASLEEP, WHERE DO WE GO?","1","4","180952","spotify:user:12153926993","2019-05-01T20:09:56Z"
"spotify:track:3Tc57t9l2O8FwQZtQOvPXK","my strange addiction","Billie Eilish","WHEN WE ALL FALL ASLEEP, WHERE DO WE GO?","1","9","179889","spotify:user:12153926993","2019-05-01T20:10:05Z"
"spotify:track:6ya8ejoKgw906Y8LWclqrp","Racks In The Middle (feat. Roddy Ricch and Hit-Boy)","Nipsey Hussle, Roddy Ricch, Hit-Boy","Racks In The Middle (feat. Roddy Ricch and Hit-Boy)","1","1","233277","spotify:user:12153926993","2019-05-01T20:10:14Z"
"spotify:track:6IRdLKIyS4p7XNiP8r6rsx","all the good girls go to hell","Billie Eilish","WHEN WE ALL FALL ASLEEP, WHERE DO WE GO?","1","5","168839","spotify:user:12153926993","2019-05-01T20:10:32Z"
"spotify:track:7qEKqBCD2vE5vIBsrUitpD","ilomilo","Billie Eilish","WHEN WE ALL FALL ASLEEP, WHERE DO WE GO?","1","11","156370","spotify:user:12153926993","2019-05-01T20:11:07Z"
"spotify:track:0tMSssfxAL2oV8Vri0mFHE","listen before i go","Billie Eilish","WHEN WE ALL FALL ASLEEP, WHERE DO WE GO?","1","12","242652","spotify:user:12153926993","2019-05-01T20:11:16Z"
"spotify:track:4iVD0fTHGxV9JWloujsL3s","Double Up (feat. Belly and Dom Kennedy)","Nipsey Hussle, Belly, Dom Kennedy","Victory Lap","1","15","361280","spotify:user:12153926993","2019-05-01T20:11:37Z"
"spotify:track:6tsOcBnaKgzK22yEiqRh8P","MONOPOLY (with Victoria Monét)","Ariana Grande, Victoria Monét","MONOPOLY","1","1","158586","spotify:user:12153926993","2019-05-01T20:13:02Z"
"spotify:track:6X29iaaazwho3ab7GNue5r","8","Billie Eilish","WHEN WE ALL FALL ASLEEP, WHERE DO WE GO?","1","8","173201","spotify:user:12153926993","2019-05-01T20:13:17Z"
"spotify:track:39xWBHPM4E9MwzEy5gbM7p","Last Time That I Checc'd (feat. YG)","Nipsey Hussle, YG","Victory Lap","1","3","225573","spotify:user:12153926993","2019-05-01T20:13:27Z"
"spotify:track:2gwkD6igEhQbDQegRCcdoB","Suge","DaBaby","Baby On Baby","1","2","163320","spotify:user:12153926993","2019-05-01T20:13:39Z"
"spotify:track:6fIjnWrv46njJHLDAY2JdC","Dedication (feat. Kendrick Lamar)","Nipsey Hussle, Kendrick Lamar","Victory Lap","1","5","245813","spotify:user:12153926993","2019-05-01T20:13:52Z"
"spotify:track:5AjINjwKyRvQJhSe2zpPHi","Pop Out (feat. Lil TJay)","Polo G, Lil Tjay","Pop Out (feat. Lil TJay)","1","1","166640","spotify:user:12153926993","2019-05-01T20:14:21Z"
"spotify:track:18PergoIrGmRyeYxnaXJN2","Kill This Love","BLACKPINK","KILL THIS LOVE","1","1","189052","spotify:user:12153926993","2019-05-01T20:18:35Z"
"spotify:track:2vsuel3g4zaLYSOY0mOMbi","Bad Luck","Khalid","Free Spirit","1","2","231653","spotify:user:12153926993","2019-05-01T20:19:43Z"
"spotify:track:2swZ0X1njeU32SNJeBKIfW","Inmortal","Aventura","Utopia","1","13","256440","spotify:user:12153926993","2019-05-01T20:19:53Z"
"spotify:track:3YEbLhXRDPTtctnb3ddg8g","Big Ole Freak","Megan Thee Stallion","Tina Snow","1","7","214850","spotify:user:12153926993","2019-05-01T20:20:04Z"
"spotify:track:6hkQ6OQ6nhe7QCckH91aGa","Victory Lap (feat. Stacy Barthe)","Nipsey Hussle, Stacy Barthe","Victory Lap","1","1","238333","spotify:user:12153926993","2019-05-01T20:20:11Z"
"spotify:track:5KawlOMHjWeUjQtnuRs22c","Boy With Luv (feat. Halsey)","BTS, Halsey","MAP OF THE SOUL : PERSONA","1","2","229773","spotify:user:12153926993","2019-05-01T20:21:28Z"
"spotify:track:3XiNC94b4Tq1xwv70sQJGN","Sanguine Paradise","Lil Uzi Vert","Sanguine Paradise","1","1","243976","spotify:user:12153926993","2019-05-01T20:21:40Z"
"spotify:track:7nioCrPVTkYopUB1rTvtK1","Blue on Black","Five Finger Death Punch, Kenny Wayne Shepherd, Brantley Gilbert, Brian May","Blue on Black","1","1","274615","spotify:user:12153926993","2019-05-01T20:22:14Z"
"spotify:track:6nDKrPlXdpomGBgAlO7UdP","SOS","Avicii, Aloe Blacc","SOS","1","1","157202","spotify:user:12153926993","2019-05-01T20:22:20Z"
"spotify:track:3QmolSZqjjLksTUvZJ6pPS","Cool","Jonas Brothers","Cool","1","1","167120","spotify:user:12153926993","2019-05-01T20:22:43Z"
"spotify:track:4pCEIQ6wBVuaJdER5bALtO","That's A Rack","Lil Uzi Vert","That's A Rack","1","1","236571","spotify:user:12153926993","2019-05-01T20:22:53Z"
"spotify:track:6uVzeU47Qzg0rrMneP5BNg","Love Ain't","Eli Young Band","Love Ain't","1","1","186118","spotify:user:12153926993","2019-05-01T20:23:11Z"
"spotify:track:2S1LebN6AXXQqJolBxlWgO","Earth","Lil Dicky","Earth","1","1","281500","spotify:user:12153926993","2019-05-01T20:24:52Z"
"spotify:track:3FUXVbi9ugVUqJ3rPrfd2G","Before I Let Go - Homecoming Live Bonus Track","Beyoncé","HOMECOMING: THE LIVE ALBUM","1","39","240776","spotify:user:12153926993","2019-05-01T20:25:26Z"
"spotify:track:4dAMdQ6g4kGmnc1MDHsg77","Shotta Flow","NLE Choppa","Shotta Flow","1","1","160013","spotify:user:12153926993","2019-05-01T20:25:40Z"
"spotify:track:4Sib57MmYGJzSvkW84jTwh","ME! (feat. Brendon Urie of Panic! At The Disco)","Taylor Swift, Brendon Urie","ME!","1","1","193040","spotify:user:12153926993","2019-05-01T20:25:46Z"
